complex_id,stop_name,georeference,borough,num_art_pieces
611,"Times Sq-42 St","POINT (-73.986229 40.755983)",M,26
610,"Grand Central-42 St","POINT (-73.976848 40.751776)",M,11
607,"34 St-Herald Sq","POINT (-73.98795 40.749567)",M,7
628,"Fulton St","POINT (-74.007582 40.710374)",M,7
604,"161 St-Yankee Stadium","POINT (-73.925651 40.827905)",Bx,4
602,"14 St-Union Sq","POINT (-73.990568 40.735736)",M,3
318,"34 St-Penn Station","POINT (-73.991057 40.750373)",M,3
623,"Canal St","POINT (-73.999892 40.718092)",M,3
392,"125 St","POINT (-73.937594 40.804138)",M,2
38,"86 St","POINT (-74.028398 40.622687)",Bk,2
621,"Broadway Junction","POINT (-73.904512 40.679498)",Bk,2
627,"Franklin Av","POINT (-73.955827 40.680596)",Bk,2
630,"Myrtle-Wyckoff Avs","POINT (-73.912385 40.69943)",Bk,2
615,"New Utrecht Av","POINT (-73.996353 40.624842)",Bk,2
461,"Queensboro Plaza","POINT (-73.940202 40.750582)",Q,2
119,"1 Av","POINT (-73.981628 40.730953)",M,1
395,"103 St","POINT (-73.947478 40.7906)",M,1
193,"104 St","POINT (-73.837683 40.681711)",Q,1
82,"104 St","POINT (-73.84433 40.695178)",Q,1
394,"110 St","POINT (-73.94425 40.79502)",M,1
81,"111 St","POINT (-73.836345 40.697418)",Q,1
194,"111 St","POINT (-73.832163 40.684331)",Q,1
440,"116 St","POINT (-73.949625 40.802098)",M,1
393,"116 St","POINT (-73.941617 40.798629)",M,1
307,"116 St-Columbia University","POINT (-73.96411 40.807722)",M,1
306,"125 St","POINT (-73.958372 40.815581)",M,1
439,"125 St","POINT (-73.945495 40.807754)",M,1
438,"135 St","POINT (-73.94077 40.814229)",M,1
305,"137 St-City College","POINT (-73.953676 40.822008)",M,1
437,"145 St","POINT (-73.936245 40.820421)",M,1
149,"163 St-Amsterdam Av","POINT (-73.939892 40.836013)",M,1
388,"167 St","POINT (-73.9214 40.835537)",Bx,1
387,"170 St","POINT (-73.917791 40.840075)",Bx,1
428,"174 St","POINT (-73.887734 40.837288)",Bx,1
385,"176 St","POINT (-73.911794 40.84848)",Bx,1
74,"18 Av","POINT (-73.990414 40.620671)",Bk,1
245,"18 Av","POINT (-73.976971 40.629755)",Bk,1
66,"18 Av","POINT (-74.001736 40.607954)",Bk,1
301,"181 St","POINT (-73.933596 40.849505)",M,1
383,"183 St","POINT (-73.903879 40.858407)",Bx,1
300,"191 St","POINT (-73.929412 40.855225)",M,1
67,"20 Av","POINT (-73.998168 40.604556)",Bk,1
75,"20 Av","POINT (-73.985026 40.61741)",Bk,1
298,"207 St","POINT (-73.918822 40.864621)",M,1
420,"219 St","POINT (-73.862633 40.883895)",Bx,1
419,"225 St","POINT (-73.860341 40.888022)",Bx,1
405,"23 St","POINT (-73.986599 40.739864)",M,1
14,"23 St","POINT (-73.989344 40.741303)",M,1
295,"231 St","POINT (-73.904834 40.878856)",Bx,1
418,"233 St","POINT (-73.857473 40.893193)",Bx,1
69,"25 Av","POINT (-73.986829 40.597704)",Bk,1
13,"28 St","POINT (-73.988691 40.745494)",M,1
404,"28 St","POINT (-73.984264 40.74307)",M,1
434,"3 Av-149 St","POINT (-73.917757 40.816109)",Bx,1
3,"30 Av","POINT (-73.921479 40.766779)",Q,1
403,"33 St","POINT (-73.982076 40.746081)",M,1
471,"34 St-Hudson Yards","POINT (-74.00191 40.755882)",M,1
164,"34 St-Penn Station","POINT (-73.993391 40.752287)",M,1
5,"36 Av","POINT (-73.929575 40.756804)",Q,1
32,"36 St","POINT (-74.003549 40.655144)",Bk,1
6,"39 Av-Dutch Kills","POINT (-73.932755 40.752882)",Q,1
276,"5 Av/53 St","POINT (-73.975224 40.760167)",M,1
61,"50 St","POINT (-73.994791 40.63626)",Bk,1
316,"50 St","POINT (-73.983849 40.761728)",M,1
162,"50 St","POINT (-73.985984 40.762456)",M,1
34,"53 St","POINT (-74.014034 40.645069)",Bk,1
224,"57 St","POINT (-73.97745 40.763972)",M,1
9,"57 St-7 Av","POINT (-73.980658 40.764664)",M,1
613,"59 St","POINT (-73.967967 40.762526)",M,1
614,"59 St-Columbus Circle","POINT (-73.981736 40.768296)",M,1
314,"66 St-Lincoln Center","POINT (-73.982209 40.77344)",M,1
64,"71 St","POINT (-73.998864 40.619589)",Bk,1
477,"72 St","POINT (-73.958424 40.768799)",M,1
160,"72 St","POINT (-73.97641 40.775594)",M,1
313,"72 St","POINT (-73.98197 40.778453)",M,1
398,"77 St","POINT (-73.959874 40.77362)",M,1
65,"79 St","POINT (-74.00061 40.613501)",Bk,1
71,"8 Av","POINT (-74.011719 40.635064)",Bk,1
16,"8 St-NYU","POINT (-73.992629 40.730328)",M,1
190,"80 St","POINT (-73.858992 40.679371)",Q,1
159,"81 St-Museum of Natural History","POINT (-73.972143 40.781433)",M,1
79,"86 St","POINT (-73.97823 40.592721)",Bk,1
158,"86 St","POINT (-73.968916 40.785868)",M,1
311,"86 St","POINT (-73.976218 40.788644)",M,1
476,"86 St","POINT (-73.951787 40.777891)",M,1
397,"86 St","POINT (-73.955589 40.779492)",M,1
191,"88 St","POINT (-73.85147 40.679843)",Q,1
59,"9 Av","POINT (-73.994324 40.646292)",Bk,1
475,"96 St","POINT (-73.947152 40.784318)",M,1
396,"96 St","POINT (-73.95107 40.785672)",M,1
310,"96 St","POINT (-73.972323 40.793919)",M,1
91,"Alabama Av","POINT (-73.898654 40.676992)",Bk,1
423,"Allerton Av","POINT (-73.867352 40.865462)",Bx,1
407,"Astor Pl","POINT (-73.99107 40.730054)",M,1
2,"Astoria Blvd","POINT (-73.917843 40.770258)",Q,1
1,"Astoria-Ditmars Blvd","POINT (-73.912034 40.775036)",Q,1
617,"Atlantic Av-Barclays Ctr","POINT (-73.97881 40.683666)",Bk,1
48,"Avenue H","POINT (-73.961639 40.62927)",Bk,1
246,"Avenue I","POINT (-73.976127 40.625322)",Bk,1
49,"Avenue J","POINT (-73.960803 40.625039)",Bk,1
50,"Avenue M","POINT (-73.959399 40.617618)",Bk,1
248,"Avenue N","POINT (-73.974197 40.61514)",Bk,1
249,"Avenue P","POINT (-73.973022 40.608944)",Bk,1
52,"Avenue U","POINT (-73.955929 40.5993)",Bk,1
78,"Avenue U","POINT (-73.979137 40.597473)",Bk,1
251,"Avenue U","POINT (-73.973357 40.596063)",Bk,1
252,"Avenue X","POINT (-73.97425 40.58962)",Bk,1
76,"Bay Pkwy","POINT (-73.981848 40.611815)",Bk,1
68,"Bay Pkwy","POINT (-73.993728 40.601875)",Bk,1
247,"Bay Pkwy","POINT (-73.975264 40.620769)",Bk,1
36,"Bay Ridge Av","POINT (-74.023377 40.634967)",Bk,1
208,"Beach 25 St","POINT (-73.761353 40.600066)",Q,1
207,"Beach 36 St","POINT (-73.768175 40.595398)",Q,1
206,"Beach 44 St","POINT (-73.776013 40.592943)",Q,1
205,"Beach 60 St","POINT (-73.788522 40.592374)",Q,1
204,"Beach 67 St","POINT (-73.796924 40.590927)",Q,1
201,"Beach 98 St","POINT (-73.820558 40.585307)",Q,1
120,"Bedford Av","POINT (-73.956872 40.717304)",Bk,1
380,"Bedford Park Blvd-Lehman College","POINT (-73.890064 40.873412)",Bx,1
45,"Beverley Rd","POINT (-73.964492 40.644031)",Bk,1
619,"Bleecker St","POINT (-73.994659 40.725915)",M,1
55,"Brighton Beach","POINT (-73.961376 40.577621)",Bk,1
4,Broadway,"POINT (-73.925508 40.76182)",Q,1
361,"Buhre Av","POINT (-73.832569 40.84681)",Bx,1
422,"Burke Av","POINT (-73.867164 40.871356)",Bx,1
384,"Burnside Av","POINT (-73.907684 40.853453)",Bx,1
169,"Canal St","POINT (-74.005229 40.720824)",M,1
365,"Castle Hill Av","POINT (-73.851222 40.834255)",Bx,1
155,"Cathedral Pkwy (110 St)","POINT (-73.958161 40.800603)",M,1
114,"Central Av","POINT (-73.927397 40.697857)",Bk,1
441,"Central Park North (110 St)","POINT (-73.951822 40.799075)",M,1
624,"Chambers St","POINT (-74.008585 40.714111)",M,1
93,"Chauncey St","POINT (-73.910456 40.682893)",Bk,1
356,"Church Av","POINT (-73.949575 40.650843)",Bk,1
334,"Clark St","POINT (-73.993086 40.697466)",Bk,1
89,"Cleveland St","POINT (-73.884639 40.679947)",Bk,1
58,"Coney Island-Stillwell Av","POINT (-73.981233 40.577422)",Bk,1
46,"Cortelyou Rd","POINT (-73.963891 40.640927)",Bk,1
87,"Crescent St","POINT (-73.873785 40.683194)",Bk,1
345,"Crown Hts-Utica Av","POINT (-73.932942 40.668897)",Bk,1
86,"Cypress Hills","POINT (-73.87255 40.689941)",Bk,1
26,"DeKalb Av","POINT (-73.981824 40.690635)",Bk,1
244,"Ditmas Av","POINT (-73.978172 40.636119)",Bk,1
299,"Dyckman St","POINT (-73.925536 40.860531)",M,1
373,"E 149 St","POINT (-73.904098 40.812118)",Bx,1
426,"E 180 St","POINT (-73.873488 40.841894)",Bx,1
341,"Eastern Pkwy-Brooklyn Museum","POINT (-73.964375 40.671987)",Bk,1
369,"Elder Av","POINT (-73.879159 40.828584)",Bx,1
209,"Far Rockaway-Mott Av","POINT (-73.755405 40.603995)",Q,1
359,"Flatbush Av-Brooklyn College","POINT (-73.947642 40.632836)",Bk,1
98,"Flushing Av","POINT (-73.941126 40.70026)",Bk,1
447,"Flushing-Main St","POINT (-73.83003 40.7596)",Q,1
382,"Fordham Rd","POINT (-73.901034 40.862803)",Bx,1
110,"Forest Av","POINT (-73.903077 40.704423)",Q,1
72,"Fort Hamilton Pkwy","POINT (-74.005351 40.631386)",Bk,1
60,"Fort Hamilton Pkwy","POINT (-73.994304 40.640914)",Bk,1
429,"Freeman St","POINT (-73.891865 40.829993)",Bx,1
109,"Fresh Pond Rd","POINT (-73.895877 40.706186)",Q,1
95,"Gates Av","POINT (-73.92227 40.68963)",Bk,1
340,"Grand Army Plaza","POINT (-73.971046 40.675235)",Bk,1
123,"Grand St","POINT (-73.94067 40.711926)",Bk,1
444,"Gun Hill Rd","POINT (-73.846384 40.869526)",Bx,1
421,"Gun Hill Rd","POINT (-73.866256 40.87785)",Bx,1
94,"Halsey St","POINT (-73.916559 40.68637)",Bk,1
100,"Hewes St","POINT (-73.953431 40.70687)",Bk,1
324,"Houston St","POINT (-74.005367 40.728251)",M,1
463,"Hunters Point Av","POINT (-73.948916 40.742216)",Q,1
431,"Intervale Av","POINT (-73.896736 40.822181)",Bx,1
143,"Inwood-207 St","POINT (-73.919899 40.868072)",M,1
636,"Jay St-MetroTech","POINT (-73.987342 40.692338)",Bk,1
349,"Junius St","POINT (-73.902447 40.663515)",Bk,1
250,"Kings Hwy","POINT (-73.972361 40.603217)",Bk,1
51,"Kings Hwy","POINT (-73.957734 40.60867)",Bk,1
381,"Kingsbridge Rd","POINT (-73.897174 40.86776)",Bx,1
113,"Knickerbocker Av","POINT (-73.919711 40.698664)",Bk,1
96,"Kosciuszko St","POINT (-73.928814 40.693342)",Bk,1
135,"Livonia Av","POINT (-73.900571 40.664038)",Bk,1
99,"Lorimer St","POINT (-73.947408 40.703869)",Bk,1
101,"Marcy Av","POINT (-73.957757 40.708359)",Bk,1
629,"Metropolitan Av","POINT (-73.951418 40.712792)",Bk,1
362,"Middletown Rd","POINT (-73.836322 40.843863)",Bx,1
368,"Morrison Av-Soundview","POINT (-73.874516 40.829521)",Bx,1
379,"Mosholu Pkwy","POINT (-73.884655 40.87975)",Bx,1
386,"Mt Eden Av","POINT (-73.914685 40.844434)",Bx,1
97,"Myrtle Av","POINT (-73.935657 40.697207)",Bk,1
53,"Neck Rd","POINT (-73.955161 40.595246)",Bk,1
253,"Neptune Av","POINT (-73.974574 40.581011)",Bk,1
417,"Nereid Av","POINT (-73.854376 40.898379)",Bx,1
337,"Nevins St","POINT (-73.980492 40.688246)",Bk,1
136,"New Lots Av","POINT (-73.899232 40.658733)",Bk,1
88,"Norwood Av","POINT (-73.880039 40.68141)",Bk,1
56,"Ocean Pkwy","POINT (-73.968501 40.576312)",Bk,1
141,"Park Pl","POINT (-73.957624 40.674772)",Bk,1
366,Parkchester,"POINT (-73.860816 40.833226)",Bx,1
43,"Parkside Av","POINT (-73.961495 40.655292)",Bk,1
445,"Pelham Pkwy","POINT (-73.855359 40.858985)",Bx,1
424,"Pelham Pkwy","POINT (-73.867615 40.857192)",Bx,1
350,"Pennsylvania Av","POINT (-73.894895 40.664635)",Bk,1
17,"Prince St","POINT (-73.997702 40.724329)",M,1
30,"Prospect Av","POINT (-73.992872 40.665414)",Bk,1
42,"Prospect Park","POINT (-73.962246 40.661614)",Bk,1
348,"Rockaway Av","POINT (-73.908946 40.662549)",Bk,1
192,"Rockaway Blvd","POINT (-73.843853 40.680429)",Q,1
222,"Roosevelt Island","POINT (-73.95326 40.759145)",M,1
347,"Saratoga Av","POINT (-73.916327 40.661453)",Bk,1
111,"Seneca Av","POINT (-73.90774 40.702762)",Q,1
54,"Sheepshead Bay","POINT (-73.954155 40.586896)",Bk,1
367,"St Lawrence Av","POINT (-73.867618 40.831509)",Bx,1
134,"Sutter Av","POINT (-73.901975 40.669367)",Bk,1
346,"Sutter Av-Rutland Rd","POINT (-73.92261 40.664717)",Bk,1
215,"Tremont Av","POINT (-73.905227 40.85041)",Bx,1
28,"Union St","POINT (-73.98311 40.677316)",Bk,1
181,"Utica Av","POINT (-73.930729 40.679364)",Bk,1
90,"Van Siclen Av","POINT (-73.891688 40.678024)",Bk,1
351,"Van Siclen Av","POINT (-73.889395 40.665449)",Bk,1
328,"WTC Cortlandt","POINT (-74.012188 40.711835)",M,1
416,"Wakefield-241 St","POINT (-73.85062 40.903125)",Bx,1
333,"Wall St","POINT (-74.0091 40.706821)",M,1
427,"West Farms Sq-E Tremont Av","POINT (-73.880049 40.840295)",Bx,1
363,"Westchester Sq-E Tremont Av","POINT (-73.842952 40.839892)",Bx,1
635,"Whitehall St-South Ferry","POINT (-74.012994 40.703087)",M,1
370,"Whitlock Av","POINT (-73.886283 40.826525)",Bx,1
264,"Woodhaven Blvd","POINT (-73.869229 40.733106)",Q,1
83,"Woodhaven Blvd","POINT (-73.851576 40.693879)",Q,1
364,"Zerega Av","POINT (-73.847036 40.836488)",Bx,1
309,"103 St","POINT (-73.968379 40.799446)",M,0
156,"103 St","POINT (-73.961454 40.796092)",M,0
450,"103 St-Corona Plaza","POINT (-73.8627 40.749865)",Q,0
449,"111 St","POINT (-73.855334 40.75173)",Q,0
154,"116 St","POINT (-73.954882 40.805085)",M,0
80,"121 St","POINT (-73.828294 40.700492)",Q,0
153,"125 St","POINT (-73.952343 40.811109)",M,0
152,"135 St","POINT (-73.947649 40.817894)",M,0
391,"138 St-Grand Concourse","POINT (-73.929849 40.813224)",Bx,0
151,"145 St","POINT (-73.944216 40.824783)",M,0
304,"145 St","POINT (-73.95036 40.826551)",M,0
603,"149 St-Grand Concourse","POINT (-73.927351 40.818375)",Bx,0
241,"15 St-Prospect Park","POINT (-73.979493 40.660365)",Bk,0
150,"155 St","POINT (-73.941514 40.830518)",M,0
220,"155 St","POINT (-73.938209 40.830135)",M,0
303,"157 St","POINT (-73.94489 40.834041)",M,0
218,"167 St","POINT (-73.91844 40.833771)",Bx,0
605,"168 St","POINT (-73.939561 40.840719)",M,0
255,"169 St","POINT (-73.793604 40.71047)",Q,0
217,"170 St","POINT (-73.9134 40.839306)",Bx,0
216,"174-175 Sts","POINT (-73.910136 40.8459)",Bx,0
147,"175 St","POINT (-73.939704 40.847391)",M,0
321,"18 St","POINT (-73.997871 40.74104)",M,0
146,"181 St","POINT (-73.937969 40.851695)",M,0
214,"182-183 Sts","POINT (-73.900741 40.856093)",Bx,0
145,"190 St","POINT (-73.93418 40.859022)",M,0
232,"2 Av","POINT (-73.989938 40.723402)",M,0
282,"21 St","POINT (-73.949724 40.744065)",Q,0
221,"21 St-Queensbridge","POINT (-73.942836 40.754203)",Q,0
297,"215 St","POINT (-73.915279 40.869444)",M,0
228,"23 St","POINT (-73.992821 40.742878)",M,0
320,"23 St","POINT (-73.995657 40.744081)",M,0
165,"23 St","POINT (-73.998041 40.745906)",M,0
294,"238 St","POINT (-73.90087 40.884667)",Bx,0
31,"25 St","POINT (-73.998091 40.660397)",Bk,0
319,"28 St","POINT (-73.993365 40.747215)",M,0
118,"3 Av","POINT (-73.986122 40.732849)",M,0
377,"3 Av-138 St","POINT (-73.926138 40.810476)",Bx,0
460,"33 St-Rawson St","POINT (-73.930997 40.744587)",Q,0
272,"36 St","POINT (-73.928781 40.752039)",Q,0
608,"4 Av-9 St","POINT (-73.988302 40.670847)",Bk,0
459,"40 St-Lowery St","POINT (-73.924016 40.743781)",Q,0
609,"42 St-Bryant Pk","POINT (-73.984569 40.754222)",M,0
33,"45 St","POINT (-74.010006 40.648939)",Bk,0
270,"46 St","POINT (-73.913333 40.756312)",Q,0
458,"46 St-Bliss St","POINT (-73.918435 40.743132)",Q,0
225,"47-50 Sts-Rockefeller Ctr","POINT (-73.981329 40.758663)",M,0
10,"49 St","POINT (-73.984139 40.759901)",M,0
8,"5 Av/59 St","POINT (-73.973347 40.764811)",M,0
457,"52 St","POINT (-73.912549 40.744149)",Q,0
62,"55 St","POINT (-73.995476 40.631435)",Bk,0
35,"59 St","POINT (-74.017881 40.641362)",Bk,0
601,"6 Av","POINT (-73.996786 40.737335)",M,0
456,"61 St-Woodside","POINT (-73.902984 40.74563)",Q,0
263,"63 Dr-Rego Park","POINT (-73.861604 40.729846)",Q,0
268,"65 St","POINT (-73.898453 40.749669)",Q,0
262,"67 Av","POINT (-73.852719 40.726523)",Q,0
399,"68 St-Hunter College","POINT (-73.96387 40.768141)",M,0
455,"69 St","POINT (-73.896403 40.746325)",Q,0
240,"7 Av","POINT (-73.980305 40.666271)",Bk,0
41,"7 Av","POINT (-73.972367 40.67705)",Bk,0
277,"7 Av","POINT (-73.981637 40.762862)",M,0
260,"75 Av","POINT (-73.837324 40.718331)",Q,0
85,"75 St-Elderts Ln","POINT (-73.867139 40.691324)",Q,0
37,"77 St","POINT (-74.02551 40.629742)",Bk,0
312,"79 St","POINT (-73.979917 40.783934)",M,0
618,"8 Av","POINT (-74.002578 40.739777)",M,0
453,"82 St-Jackson Hts","POINT (-73.883697 40.747659)",Q,0
84,"85 St-Forest Pkwy","POINT (-73.86001 40.692435)",Q,0
452,"90 St-Elmhurst Av","POINT (-73.876613 40.748408)",Q,0
157,"96 St","POINT (-73.964696 40.791642)",M,0
515,Annadale,"POINT (-74.178217 40.54046)",SI,0
196,"Aqueduct Racetrack","POINT (-73.835254 40.672369)",Q,0
197,"Aqueduct-N Conduit Av","POINT (-73.834058 40.668234)",Q,0
523,"Arthur Kill","POINT (-74.242096 40.516578)",SI,0
133,"Atlantic Av","POINT (-73.903097 40.675345)",Bk,0
70,"Bay 50 St","POINT (-73.983765 40.588841)",Bk,0
39,"Bay Ridge-95 St","POINT (-74.030876 40.616622)",Bk,0
512,"Bay Terrace","POINT (-74.136907 40.5564)",SI,0
443,"Baychester Av","POINT (-73.838591 40.878663)",Bx,0
202,"Beach 105 St","POINT (-73.827559 40.583209)",Q,0
200,"Beach 90 St","POINT (-73.813641 40.588034)",Q,0
211,"Bedford Park Blvd","POINT (-73.887138 40.873244)",Bx,0
289,"Bedford-Nostrand Avs","POINT (-73.953522 40.689627)",Bk,0
339,"Bergen St","POINT (-73.975098 40.680829)",Bk,0
236,"Bergen St","POINT (-73.990862 40.686145)",Bk,0
357,"Beverly Rd","POINT (-73.948959 40.645098)",Bk,0
626,"Botanic Garden","POINT (-73.959245 40.670343)",Bk,0
103,Bowery,"POINT (-73.993915 40.72028)",M,0
414,"Bowling Green","POINT (-74.014065 40.704817)",M,0
258,Briarwood,"POINT (-73.820574 40.709179)",Q,0
199,"Broad Channel","POINT (-73.815925 40.608382)",Q,0
107,"Broad St","POINT (-74.011056 40.706476)",M,0
286,Broadway,"POINT (-73.950308 40.706092)",Bk,0
425,"Bronx Park East","POINT (-73.868457 40.848828)",Bx,0
376,"Brook Av","POINT (-73.91924 40.807566)",Bx,0
131,"Bushwick Av-Aberdeen St","POINT (-73.905249 40.682829)",Bk,0
325,"Canal St","POINT (-74.006277 40.722854)",M,0
138,"Canarsie-Rockaway Pkwy","POINT (-73.90185 40.646654)",Bk,0
237,"Carroll St","POINT (-73.995048 40.680303)",Bk,0
308,"Cathedral Pkwy (110 St)","POINT (-73.966847 40.803967)",M,0
327,"Chambers St","POINT (-74.009266 40.715478)",M,0
622,"Chambers St","POINT (-74.003401 40.713243)",M,0
323,"Christopher St-Stonewall","POINT (-74.002906 40.733422)",M,0
243,"Church Av","POINT (-73.979678 40.644041)",Bk,0
44,"Church Av","POINT (-73.962982 40.650527)",Bk,0
20,"City Hall","POINT (-74.006978 40.713282)",M,0
290,"Classon Av","POINT (-73.96007 40.688873)",Bk,0
504,Clifton,"POINT (-74.071402 40.621319)",SI,0
291,"Clinton-Washington Avs","POINT (-73.966839 40.688089)",Bk,0
177,"Clinton-Washington Avs","POINT (-73.965838 40.683263)",Bk,0
606,"Court Sq-23 St","POINT (-73.946 40.747846)",Q,0
620,"Court St","POINT (-73.991777 40.6941)",Bk,0
375,"Cypress Av","POINT (-73.914042 40.805368)",Bx,0
127,"DeKalb Av","POINT (-73.918425 40.703811)",Bk,0
625,"Delancey St-Essex St","POINT (-73.987437 40.718315)",M,0
507,"Dongan Hills","POINT (-74.09609 40.588849)",SI,0
144,"Dyckman St","POINT (-73.927271 40.865491)",M,0
374,"E 143 St-St Mary's St","POINT (-73.907657 40.808719)",Bx,0
137,"East 105 St","POINT (-73.899485 40.650573)",Bk,0
234,"East Broadway","POINT (-73.990173 40.713715)",M,0
442,"Eastchester-Dyre Av","POINT (-73.830834 40.8883)",Bx,0
266,"Elmhurst Av","POINT (-73.882017 40.742454)",Q,0
514,Eltingville,"POINT (-74.16457 40.544601)",SI,0
188,"Euclid Av","POINT (-73.872106 40.675377)",Bk,0
287,"Flushing Av","POINT (-73.950234 40.700377)",Bk,0
213,"Fordham Rd","POINT (-73.897749 40.861296)",Bx,0
261,"Forest Hills-71 Av","POINT (-73.844521 40.721691)",Q,0
242,"Fort Hamilton Pkwy","POINT (-73.975776 40.650782)",Bk,0
326,"Franklin St","POINT (-74.006886 40.719318)",M,0
292,"Fulton St","POINT (-73.975375 40.687119)",Bk,0
122,"Graham Av","POINT (-73.944053 40.714565)",Bk,0
265,"Grand Av-Newtown","POINT (-73.877223 40.737015)",Q,0
231,"Grand St","POINT (-73.993753 40.718267)",M,0
189,"Grant Av","POINT (-73.86505 40.677044)",Bk,0
509,"Grant City","POINT (-74.109704 40.578965)",SI,0
505,Grasmere,"POINT (-74.084087 40.603117)",SI,0
513,"Great Kills","POINT (-74.151399 40.551231)",SI,0
283,"Greenpoint Av","POINT (-73.954449 40.731352)",Bk,0
129,"Halsey St","POINT (-73.904084 40.695602)",Q,0
436,"Harlem-148 St","POINT (-73.93647 40.82388)",M,0
173,"High St","POINT (-73.990531 40.699337)",Bk,0
198,"Howard Beach-JFK Airport","POINT (-73.830301 40.660476)",Q,0
336,"Hoyt St","POINT (-73.985065 40.690545)",Bk,0
175,"Hoyt-Schermerhorn Sts","POINT (-73.985001 40.688484)",Bk,0
516,Huguenot,"POINT (-74.191794 40.533674)",SI,0
371,"Hunts Point Av","POINT (-73.890549 40.820948)",Bx,0
433,"Jackson Av","POINT (-73.907807 40.81649)",Bx,0
616,"Jackson Hts-Roosevelt Av","POINT (-73.891338 40.746644)",Q,0
278,"Jamaica Center-Parsons/Archer","POINT (-73.801109 40.702147)",Q,0
254,"Jamaica-179 St","POINT (-73.783817 40.712646)",Q,0
280,"Jamaica-Van Wyck","POINT (-73.816859 40.702566)",Q,0
508,"Jefferson Av","POINT (-74.103338 40.583591)",SI,0
126,"Jefferson St","POINT (-73.922913 40.706607)",Bk,0
451,"Junction Blvd","POINT (-73.869527 40.749145)",Q,0
259,"Kew Gardens-Union Tpke","POINT (-73.831008 40.714441)",Q,0
77,"Kings Hwy","POINT (-73.980353 40.603923)",Bk,0
212,"Kingsbridge Rd","POINT (-73.893509 40.866978)",Bx,0
344,"Kingston Av","POINT (-73.942161 40.669399)",Bk,0
180,"Kingston-Throop Avs","POINT (-73.940858 40.679921)",Bk,0
176,"Lafayette Av","POINT (-73.973946 40.686113)",Bk,0
612,"Lexington Av/53 St","POINT (-73.969055 40.757552)",M,0
223,"Lexington Av/63 St","POINT (-73.966113 40.764629)",M,0
185,"Liberty Av","POINT (-73.896548 40.674542)",Bk,0
372,"Longwood Av","POINT (-73.896435 40.816104)",Bx,0
296,"Marble Hill-225 St","POINT (-73.909831 40.874561)",M,0
448,"Mets-Willets Point","POINT (-73.845625 40.754622)",Q,0
108,"Middle Village-Metropolitan Av","POINT (-73.889601 40.711396)",Q,0
124,"Montrose Av","POINT (-73.93985 40.707739)",Bk,0
125,"Morgan Av","POINT (-73.933147 40.706152)",Bk,0
446,"Morris Park","POINT (-73.860495 40.854364)",Bx,0
288,"Myrtle-Willoughby Avs","POINT (-73.949046 40.694568)",Bk,0
284,"Nassau Av","POINT (-73.951277 40.724635)",Bk,0
510,"New Dorp","POINT (-74.11721 40.57348)",SI,0
352,"New Lots Av","POINT (-73.884079 40.666235)",Bk,0
358,"Newkirk Av-Little Haiti","POINT (-73.948411 40.639967)",Bk,0
47,"Newkirk Plaza","POINT (-73.962793 40.635082)",Bk,0
269,"Northern Blvd","POINT (-73.906006 40.752885)",Q,0
210,"Norwood-205 St","POINT (-73.878855 40.874811)",Bx,0
343,"Nostrand Av","POINT (-73.950466 40.669847)",Bk,0
179,"Nostrand Av","POINT (-73.950426 40.680438)",Bk,0
511,"Oakwood Heights","POINT (-74.12632 40.56511)",SI,0
506,"Old Town","POINT (-74.087368 40.596612)",SI,0
195,"Ozone Park-Lefferts Blvd","POINT (-73.825798 40.685951)",Q,0
256,"Parsons Blvd","POINT (-73.803326 40.707564)",Q,0
360,"Pelham Bay Park","POINT (-73.828121 40.852462)",Bx,0
518,"Pleasant Plains","POINT (-74.217847 40.52241)",SI,0
353,"President St-Medgar Evers College","POINT (-73.950683 40.667883)",Bk,0
517,"Prince's Bay","POINT (-74.200064 40.525507)",SI,0
432,"Prospect Av","POINT (-73.90177 40.819585)",Bx,0
273,"Queens Plaza","POINT (-73.937243 40.748973)",Q,0
182,"Ralph Av","POINT (-73.920786 40.678822)",Bk,0
22,"Rector St","POINT (-74.013342 40.70722)",M,0
329,"Rector St","POINT (-74.013783 40.707513)",M,0
519,"Richmond Valley","POINT (-74.229141 40.519631)",SI,0
183,"Rockaway Av","POINT (-73.911946 40.67834)",Bk,0
203,"Rockaway Park-Beach 116 St","POINT (-73.835592 40.580903)",Q,0
187,"Shepherd Av","POINT (-73.88075 40.67413)",Bk,0
430,"Simpson St","POINT (-73.893064 40.824073)",Bx,0
238,"Smith-9 Sts","POINT (-73.995959 40.67358)",Bk,0
168,"Spring St","POINT (-74.003739 40.726227)",M,0
409,"Spring St","POINT (-73.997141 40.722301)",M,0
501,"St George","POINT (-74.073643 40.643748)",SI,0
503,Stapleton,"POINT (-74.075162 40.627915)",SI,0
271,"Steinway St","POINT (-73.92074 40.756879)",Q,0
354,"Sterling St","POINT (-73.95085 40.662742)",Bk,0
257,"Sutphin Blvd","POINT (-73.810708 40.70546)",Q,0
279,"Sutphin Blvd-Archer Av-JFK Airport","POINT (-73.807969 40.700486)",Q,0
502,Tompkinsville,"POINT (-74.074835 40.636949)",SI,0
522,Tottenville,"POINT (-74.251961 40.512764)",SI,0
293,"Van Cortlandt Park-242 St","POINT (-73.898583 40.889248)",Bx,0
186,"Van Siclen Av","POINT (-73.890358 40.67271)",Bk,0
464,"Vernon Blvd-Jackson Av","POINT (-73.953581 40.742626)",Q,0
167,"W 4 St-Wash Sq","POINT (-74.000495 40.732338)",M,0
57,"W 8 St-NY Aquarium","POINT (-73.975939 40.576127)",Bk,0
413,"Wall St","POINT (-74.011862 40.707557)",M,0
130,"Wilson Av","POINT (-73.904046 40.688764)",Bk,0
355,"Winthrop St","POINT (-73.9502 40.656652)",Bk,0
378,Woodlawn,"POINT (-73.878751 40.886037)",Bx,0
235,"York St","POINT (-73.986751 40.701397)",Bk,0
